시도,시군,관광지,내외국인 구분,2017년,2018년,2019년,2020년,2021년,2022년
경상남도,통합창원시,3.15아트,내국인,161327.0,159221.0,167720.0,52014.0,106167.0,145497.0
경상남도,통합창원시,3.15아트,외국인,0.0,170.0,23.0,0.0,5.0,1.0
경상남도,통합창원시,군항문화탐방,내국인,12108.0,12144.0,10518.0,372.0,0.0,2832.0
경상남도,통합창원시,도립미술관,내국인,119526.0,83897.0,91582.0,15524.0,35370.0,78689.0
경상남도,통합창원시,도립미술관,외국인,98.0,137.0,1895.0,86.0,73.0,30.0
경상남도,통합창원시,돝섬유원지,내국인,124149.0,107782.0,173239.0,67947.0,91385.0,106407.0
경상남도,통합창원시,돝섬유원지,외국인,0.0,489.0,826.0,0.0,0.0,0.0
경상남도,통합창원시,로봇랜드,내국인,,,,173332.0,323608.0,496503.0
경상남도,통합창원시,문신미술관,내국인,26517.0,23142.0,25051.0,8839.0,10918.0,21298.0
경상남도,통합창원시,문신미술관,외국인,73.0,80.0,68.0,41.0,30.0,54.0
경상남도,통합창원시,봉암유원지,내국인,,95351.0,164008.0,217984.0,274111.0,185159.0
경상남도,통합창원시,성산아트홀,내국인,303268.0,282880.0,321602.0,69335.0,121484.0,180627.0
경상남도,통합창원시,성산아트홀,외국인,0.0,1351.0,492.0,5.0,22.0,2768.0
경상남도,통합창원시,용지호수공원 무빙보트,내국인,,44716.0,22976.0,9592.0,14960.0,18038.0
경상남도,통합창원시,저도비치로드,내국인,155772.0,130275.0,114917.0,131000.0,163804.0,92048.0
경상남도,통합창원시,제황산공원-모노레일,내국인,62698.0,60656.0,53970.0,10568.0,10398.0,28847.0
경상남도,통합창원시,제황산공원-모노레일,외국인,0.0,122.0,13566.0,171.0,77.0,570.0
경상남도,통합창원시,주기철목사기념관,내국인,24159.0,26905.0,25283.0,28927.0,35187.0,42940.0
경상남도,통합창원시,주남저수지,내국인,68006.0,97302.0,119375.0,963775.0,1242867.0,1027844.0
경상남도,통합창원시,진해내수면환경생태공원,내국인,,192216.0,453530.0,418464.0,670684.0,460696.0
경상남도,통합창원시,진해해양공원,내국인,411558.0,431188.0,592909.0,534310.0,499027.0,814383.0
경상남도,통합창원시,진해해양공원,외국인,1706.0,2220.0,2360.0,539.0,690.0,981.0
경상남도,통합창원시,창원경륜장,내국인,492783.0,544312.0,454552.0,84197.0,134314.0,281080.0
경상남도,통합창원시,창원경륜장,외국인,19.0,0.0,0.0,0.0,0.0,0.0
경상남도,통합창원시,창원과학체험관,내국인,158583.0,159667.0,155065.0,42664.0,50925.0,139959.0
경상남도,통합창원시,창원과학체험관,외국인,0.0,0.0,0.0,0.0,0.0,0.0
경상남도,통합창원시,창원국동크루즈,내국인,0.0,,,,,
경상남도,통합창원시,창원국동크루즈,외국인,0.0,,,,,
경상남도,통합창원시,창원단감테마공원,내국인,,203443.0,213631.0,141776.0,143809.0,163512.0
경상남도,통합창원시,창원의집,내국인,131544.0,176974.0,134836.0,82048.0,140405.0,99845.0
경상남도,통합창원시,창원의집,외국인,,,2075.0,0.0,89.0,859.0
경상남도,통합창원시,창원짚트랙,내국인,,,,34957.0,30562.0,11103.0
경상남도,통합창원시,창원컨트리클럽,내국인,106848.0,96867.0,108904.0,119400.0,141078.0,132199.0
경상남도,통합창원시,창원컨트리클럽,외국인,62.0,28.0,28.0,45.0,0.0,65.0
경상남도,통합창원시,콰이강의다리 스카이워크,내국인,378293.0,492711.0,443537.0,260704.0,279232.0,335638.0
경상남도,통합창원시,콰이강의다리 스카이워크,외국인,,,1620.0,796.0,285.0,748.0
경상남도,통합창원시,해양드라마세트장,내국인,335668.0,265598.0,215012.0,287335.0,577548.0,365707.0
경상남도,진주시,LH토지주택박물관,내국인,,,14285.0,4794.0,6606.0,19877.0
경상남도,진주시,가뫼골마을,내국인,,,,1955.0,3605.0,8996.0
경상남도,진주시,경상남도과학교육원,내국인,,,27090.0,5376.0,6605.0,44681.0
경상남도,진주시,경상대학교 박물관,내국인,,,23564.0,5858.0,5837.0,11922.0
경상남도,진주시,경상대학교 박물관,외국인,,,64.0,2.0,0.0,77.0
경상남도,진주시,남강댐 물문화관,내국인,,,48593.0,10752.0,0.0,36251.0
경상남도,진주시,디월드,내국인,,,,1745.0,2132.0,5740.0
경상남도,진주시,목공예전수관,내국인,,,4888.0,4479.0,5364.0,10366.0
경상남도,진주시,산림박물관,내국인,404639.0,376453.0,329612.0,185485.0,200208.0,259977.0
경상남도,진주시,산림박물관,외국인,0.0,0.0,1398.0,0.0,0.0,0.0
경상남도,진주시,월아산 숲속의 진주,내국인,,,60950.0,11784.0,17330.0,167870.0
경상남도,진주시,정글어드벤처,내국인,,,,3975.0,6997.0,11472.0
경상남도,진주시,진양호 동물원,내국인,153242.0,178999.0,165713.0,64095.0,115073.0,195225.0
경상남도,진주시,진양호 동물원,외국인,0.0,186.0,141.0,0.0,0.0,0.0
경상남도,진주시,진주 꿈키움동산,내국인,,,17893.0,4397.0,5836.0,27480.0
경상남도,진주시,진주레일바이크 놀이동산,내국인,,,18752.0,13207.0,13076.0,21347.0
경상남도,진주시,진주성,내국인,1625471.0,2246502.0,2157228.0,600359.0,525636.0,801175.0
경상남도,진주시,진주성,외국인,0.0,6953.0,10028.0,1330.0,296.0,4600.0
경상남도,진주시,진주시립이성자미술관,내국인,8767.0,7714.0,9727.0,1602.0,4847.0,32912.0
경상남도,진주시,진주어린이박물관,내국인,,,9345.0,2216.0,2020.0,2151.0
경상남도,진주시,진주익룡발자국전시관,내국인,,,,5677.0,9591.0,32736.0
경상남도,진주시,진주청동기문화박물관,내국인,81216.0,61780.0,53247.0,11496.0,10340.0,33259.0
경상남도,진주시,진주청동기문화박물관,외국인,0.0,0.0,35.0,0.0,0.0,0.0
경상남도,진주시,한국드론박물관,내국인,,,,0.0,0.0,
경상남도,통영시,달아공원,내국인,349150.0,297867.0,175344.0,136497.0,120481.0,165714.0
경상남도,통영시,동피랑마을,내국인,2231752.0,1727640.0,1591169.0,1266366.0,1367603.0,1210831.0
경상남도,통영시,디피랑,내국인,,,,,186595.0,178712.0
경상남도,통영시,매물도,내국인,123806.0,121447.0,118234.0,61764.0,52000.0,67813.0
경상남도,통영시,매물도,외국인,0.0,0.0,0.0,0.0,0.0,0.0
경상남도,통영시,박경리기념관,내국인,65118.0,108420.0,106466.0,45218.0,58546.0,61900.0
경상남도,통영시,벽방산(안정사),내국인,52857.0,77293.0,121554.0,133436.0,87372.0,77034.0
경상남도,통영시,사량도,내국인,629318.0,451832.0,452970.0,361013.0,365433.0,418684.0
경상남도,통영시,사량도,외국인,0.0,0.0,0.0,0.0,0.0,0.0
경상남도,통영시,서피랑,내국인,,71269.0,129094.0,102493.0,95998.0,80000.0
경상남도,통영시,"연대도,만지도",내국인,197435.0,186175.0,183397.0,91554.0,78011.0,119377.0
경상남도,통영시,연화도,내국인,,,109954.0,55846.0,49748.0,62948.0
경상남도,통영시,욕지도,내국인,318143.0,273762.0,265293.0,290115.0,306188.0,290342.0
경상남도,통영시,욕지도,외국인,0.0,0.0,0.0,0.0,0.0,0.0
경상남도,통영시,유람선터미널,내국인,228539.0,174027.0,147024.0,30235.0,25733.0,72238.0
경상남도,통영시,유람선터미널,외국인,11910.0,2256.0,1809.0,379.0,335.0,1348.0
경상남도,통영시,윤이상기념관,내국인,,,,,190103.0,208909.0
경상남도,통영시,이순신공원,내국인,704234.0,573414.0,400540.0,419253.0,461973.0,490905.0
경상남도,통영시,장사도해상공원,내국인,289845.0,204833.0,167768.0,45106.0,39393.0,80257.0
경상남도,통영시,장사도해상공원,외국인,188.0,72.0,7.0,0.0,0.0,0.0
경상남도,통영시,통영 옻칠미술관,내국인,12061.0,10137.0,8090.0,4385.0,5111.0,11809.0
경상남도,통영시,통영 옻칠미술관,외국인,1286.0,909.0,775.0,0.0,0.0,0.0
경상남도,통영시,통영루지,내국인,344812.0,655237.0,541520.0,426341.0,441950.0,350026.0
경상남도,통영시,통영시립박물관,내국인,35331.0,21409.0,22723.0,5438.0,11665.0,29159.0
경상남도,통영시,통영시립박물관,외국인,697.0,540.0,58.0,4.0,15.0,56.0
경상남도,통영시,통영어드벤처타워,내국인,,,34671.0,17583.0,26005.0,22588.0
경상남도,통영시,통영충렬사,내국인,,,44362.0,20676.0,19389.0,28939.0
경상남도,통영시,통영케이블카,내국인,1396275.0,1059483.0,891202.0,434015.0,417969.0,559496.0
경상남도,통영시,통영케이블카,외국인,10906.0,11941.0,13122.0,3142.0,1777.0,0.0
경상남도,통영시,통제영지 세병관,내국인,109749.0,89175.0,77084.0,41585.0,41706.0,63729.0
경상남도,통영시,통제영지 세병관,외국인,924.0,1003.0,2729.0,166.0,0.0,0.0
경상남도,통영시,한산도 제승당,내국인,234067.0,157651.0,187420.0,69305.0,64712.0,127831.0
경상남도,통영시,한산도 제승당,외국인,92.0,0.0,0.0,0.0,0.0,0.0
경상남도,사천시,거북선체험마을,내국인,,,,,,15841.0
경상남도,사천시,골프존카운티 사천,내국인,141671.0,131078.0,139660.0,166523.0,157647.0,154126.0
경상남도,사천시,골프존카운티 사천,외국인,0.0,0.0,0.0,0.0,0.0,0.0
경상남도,사천시,비토국민여가캠핑장,내국인,,,7631.0,20790.0,18780.0,16414.0
경상남도,사천시,비토해양낚시공원,내국인,,,14238.0,31525.0,26832.0,27374.0
경상남도,사천시,사천바다케이블카,내국인,,496280.0,745828.0,302608.0,347115.0,456797.0
경상남도,사천시,사천첨단항공우주과학관,내국인,,,,,,69300.0
경상남도,사천시,사천케이블카자연휴양림,내국인,,,,,,52527.0
경상남도,사천시,삼삼cc,내국인,,40991.0,47802.0,58901.0,66545.0,59434.0
경상남도,사천시,삼천포유람선,내국인,,153055.0,277248.0,1755.0,0.0,57394.0
경상남도,사천시,세계문화콘텐츠 상설공연,내국인,,173698.0,112425.0,1501.0,0.0,6520.0
경상남도,사천시,아라마루아쿠아리움,내국인,,,,,,310379.0
경상남도,사천시,타니컨트리클럽,내국인,130413.0,124194.0,140213.0,156244.0,169099.0,165156.0
경상남도,사천시,타니컨트리클럽,외국인,0.0,0.0,0.0,0.0,0.0,0.0
경상남도,사천시,항공우주박물관,내국인,173803.0,191548.0,154088.0,48493.0,60160.0,104332.0
경상남도,김해시,가야 컨트리클럽,내국인,258004.0,239021.0,257225.0,263741.0,265473.0,272767.0
경상남도,김해시,가야 컨트리클럽,외국인,0.0,,,,,
경상남도,김해시,가야랜드,내국인,107800.0,91497.0,91140.0,84639.0,160632.0,148063.0
경상남도,김해시,국립 김해 박물관,내국인,379921.0,396816.0,415825.0,111348.0,91788.0,173327.0
경상남도,김해시,국립 김해 박물관,외국인,2118.0,3358.0,3836.0,762.0,878.0,629.0
경상남도,김해시,김해가야테마파크,내국인,371096.0,306287.0,249519.0,144248.0,194857.0,241622.0
경상남도,김해시,김해가야테마파크,외국인,0.0,,15483.0,4023.0,2408.0,0.0
경상남도,김해시,김해낙동강레일파크,내국인,357869.0,329434.0,276456.0,128609.0,201800.0,208049.0
경상남도,김해시,김해낙동강레일파크,외국인,,,84009.0,7780.0,7.0,0.0
경상남도,김해시,김해목재문화체험장,내국인,,,62601.0,11160.0,12453.0,18053.0
경상남도,김해시,김해문화의 전당,내국인,,,,,43376.0,81045.0
경상남도,김해시,김해분청도자박물관,내국인,,,,,34296.0,46045.0
경상남도,김해시,김해상록GC,내국인,,82684.0,94416.0,95216.0,101133.0,98622.0
경상남도,김해시,김해생림오토캠핑장,내국인,,,,,,26383.0
경상남도,김해시,김해생림오토캠핑장,외국인,,,,,,0.0
경상남도,김해시,김해서부문화센터,내국인,,,,,63063.0,320198.0
경상남도,김해시,김해천문대,내국인,90472.0,89348.0,100136.0,25996.0,68865.0,99966.0
경상남도,김해시,김해천문대,외국인,119.0,0.0,126.0,,,
경상남도,김해시,김해청소년문화의집,내국인,,,24391.0,5668.0,5381.0,7900.0
경상남도,김해시,김해한글박물관,내국인,,,,,,30095.0
경상남도,김해시,노무현대통령생가,내국인,1032975.0,723607.0,568439.0,178612.0,259242.0,319128.0
경상남도,김해시,대동승마랜드,내국인,11185.0,11040.0,4460.0,2041.0,,
경상남도,김해시,대동승마랜드,외국인,20.0,0.0,0.0,0.0,,
경상남도,김해시,대성동고분박물관,내국인,,,313505.0,21130.0,19049.0,25523.0
경상남도,김해시,롯데워터파크,내국인,756684.0,708465.0,686000.0,132838.0,77915.0,547837.0
경상남도,김해시,롯데워터파크,외국인,0.0,,,,,
경상남도,김해시,부경동물원,내국인,98122.0,53061.0,48356.0,33109.0,59327.0,66156.0
경상남도,김해시,부경동물원,외국인,0.0,,,,,
경상남도,김해시,수로왕릉,내국인,569765.0,365069.0,586664.0,411158.0,489374.0,566813.0
경상남도,김해시,신어산자연숲캠핑장,내국인,,,,,,20224.0
경상남도,김해시,장유온천,내국인,453600.0,628760.0,500053.0,336515.0,150230.0,
경상남도,김해시,장유온천,외국인,0.0,,,,,
경상남도,김해시,정산컨트리클럽,내국인,110131.0,105784.0,107044.0,121796.0,131332.0,134771.0
경상남도,김해시,정산컨트리클럽,외국인,177.0,132.0,150.0,30.0,24.0,36.0
경상남도,김해시,진영역철도박물관,내국인,,,,,32306.0,37283.0
경상남도,김해시,클레이아크,내국인,119345.0,127013.0,140665.0,38127.0,46077.0,75516.0
경상남도,김해시,클레이아크,외국인,359.0,428.0,250.0,0.0,0.0,0.0
경상남도,김해시,한옥체험관,내국인,8045.0,7056.0,6929.0,4042.0,4291.0,5796.0
경상남도,김해시,한옥체험관,외국인,613.0,699.0,435.0,18.0,2.0,0.0
경상남도,김해시,화포천습지 생태공원,내국인,,44196.0,46468.0,20084.0,27878.0,42398.0
경상남도,밀양시,경상남도 민물고기 전시관,내국인,,25105.0,16513.0,8817.0,1189.0,4842.0
경상남도,밀양시,국립밀양 기상과학관,내국인,,,,,18930.0,56665.0
경상남도,밀양시,만어사,내국인,,,,,213066.0,196232.0
경상남도,밀양시,밀양 얼음골축음기소리박물관,내국인,,6973.0,19021.0,13800.0,6687.0,
경상남도,밀양시,밀양꽃새미마을,내국인,,19281.0,21685.0,24372.0,31754.0,51754.0
경상남도,밀양시,밀양시립박물관,내국인,43166.0,48581.0,36331.0,20188.0,19253.0,36901.0
경상남도,밀양시,밀양시립박물관,외국인,0.0,0.0,0.0,0.0,0.0,0.0
경상남도,밀양시,밀양아리랑 우주천문대,내국인,,,,,40869.0,81210.0
경상남도,밀양시,밀양아리랑아트센터,내국인,,52334.0,57662.0,15932.0,23715.0,42882.0
경상남도,밀양시,밀양아리랑오토캠핑장,내국인,49218.0,44330.0,34352.0,28420.0,55042.0,65967.0
경상남도,밀양시,밀양영남루,내국인,184391.0,139452.0,105793.0,181929.0,228837.0,272002.0
경상남도,밀양시,사명대사 유적지,내국인,19903.0,18588.0,13841.0,34949.0,20965.0,56280.0
경상남도,밀양시,얼음골,내국인,46418.0,46096.0,25399.0,25937.0,30401.0,41282.0
경상남도,밀양시,얼음골,외국인,0.0,0.0,0.0,0.0,0.0,0.0
경상남도,밀양시,영남알프스 얼음골 케이블카,내국인,,207582.0,155638.0,165444.0,193266.0,206581.0
경상남도,밀양시,위양못,내국인,,,,182577.0,224583.0,221545.0
경상남도,밀양시,의열기념관,내국인,,,,4161.0,4680.0,
경상남도,밀양시,의열기념관,외국인,,,,0.0,0.0,
경상남도,밀양시,트윈터널,내국인,,228329.0,191023.0,148279.0,145164.0,149064.0
경상남도,밀양시,평리산대추마을,내국인,,,23183.0,2431.0,994.0,1390.0
경상남도,밀양시,표충비각,내국인,63670.0,67354.0,37821.0,42720.0,46049.0,43145.0
경상남도,밀양시,표충사,내국인,281155.0,340298.0,226943.0,154149.0,179071.0,185838.0
경상남도,밀양시,표충사,외국인,0.0,0.0,0.0,0.0,0.0,0.0
경상남도,밀양시,호박소,내국인,,,,,,82644.0
경상남도,거제시,거제관광모노레일,내국인,,,,,110270.0,105061.0
경상남도,거제시,거제맹종죽테마공원,내국인,151211.0,131253.0,145918.0,113903.0,106670.0,115518.0
경상남도,거제시,거제맹종죽테마공원,외국인,0.0,0.0,0.0,0.0,0.0,0.0
경상남도,거제시,거제박물관,내국인,5454.0,4880.0,6313.0,2026.0,1872.0,3089.0
경상남도,거제시,거제박물관,외국인,47.0,62.0,20.0,6.0,5.0,2.0
경상남도,거제시,거제뷰컨트리클럽,내국인,82956.0,88342.0,97464.0,108392.0,129143.0,134470.0
경상남도,거제시,거제뷰컨트리클럽,외국인,0.0,0.0,0.0,0.0,0.0,0.0
경상남도,거제시,거제시농업개발원,내국인,277235.0,272861.0,440366.0,273501.0,60960.0,228942.0
경상남도,거제시,거제시농업개발원,외국인,0.0,0.0,0.0,0.0,0.0,0.0
경상남도,거제시,거제식물원(정글돔),내국인,,,,,377899.0,611355.0
경상남도,거제시,거제요트학교,내국인,6216.0,3700.0,2757.0,3478.0,6102.0,9238.0
경상남도,거제시,거제요트학교,외국인,0.0,0.0,0.0,0.0,0.0,0.0
경상남도,거제시,거제자연휴양림,내국인,80451.0,77588.0,70144.0,43309.0,81277.0,97136.0
경상남도,거제시,거제자연휴양림,외국인,0.0,0.0,0.0,0.0,0.0,0.0
경상남도,거제시,거제칠천도크루즈(칠천도~거가대교 코스),내국인,21879.0,18491.0,23811.0,7167.0,0.0,0.0
경상남도,거제시,거제칠천도크루즈(칠천도~거가대교 코스),외국인,0.0,0.0,0.0,0.0,0.0,0.0
경상남도,거제시,계도어촌체험마을,내국인,69686.0,52402.0,64566.0,49165.0,30452.0,7860.0
경상남도,거제시,계도어촌체험마을,외국인,0.0,0.0,0.0,0.0,0.0,0.0
경상남도,거제시,계룡산(거제공고 등산로입구),내국인,37294.0,0.0,0.0,,,
경상남도,거제시,공곶이,내국인,119757.0,119448.0,81271.0,44750.0,36376.0,42355.0
경상남도,거제시,김영삼전대통령생가·기록전시관,내국인,425367.0,356980.0,383942.0,85378.0,82514.0,118618.0
경상남도,거제시,노자산(학동 고개 입구),내국인,7826.0,6622.0,5296.0,4576.0,4604.0,4877.0
경상남도,거제시,능포양지암조각공원,내국인,,,,68662.0,110750.0,104001.0
경상남도,거제시,다대어촌체험마을,내국인,78348.0,152235.0,192959.0,124570.0,112900.0,126075.0
경상남도,거제시,다대어촌체험마을,외국인,0.0,0.0,0.0,0.0,0.0,0.0
경상남도,거제시,도장포어촌체험마을,내국인,104682.0,80995.0,81320.0,79680.0,173810.0,441439.0
경상남도,거제시,도장포어촌체험마을,외국인,0.0,0.0,0.0,0.0,0.0,0.0
경상남도,거제시,드비치골프클럽,내국인,81020.0,81254.0,84415.0,92904.0,98328.0,99344.0
경상남도,거제시,드비치골프클럽,외국인,0.0,0.0,0.0,0.0,0.0,0.0
경상남도,거제시,망산(저구삼거리입구),내국인,14864.0,12647.0,11581.0,5333.0,5065.0,4965.0
경상남도,거제시,망산(저구삼거리입구),외국인,0.0,0.0,0.0,,,
경상남도,거제시,매물도 유람선(선착장~매물도 코스),내국인,213170.0,85614.0,100096.0,37613.0,31365.0,29964.0
경상남도,거제시,매물도 유람선(선착장~매물도 코스),외국인,0.0,0.0,0.0,0.0,0.0,0.0
경상남도,거제시,매미성,내국인,,,,367619.0,470135.0,560181.0
경상남도,거제시,문동휴양지,내국인,85351.0,77800.0,84158.0,127608.0,97249.0,68822.0
경상남도,거제시,바람의 언덕,내국인,915128.0,767812.0,741161.0,540992.0,537594.0,604395.0
경상남도,거제시,삼성중공업,내국인,0.0,0.0,0.0,,,
경상남도,거제시,삼성중공업,외국인,0.0,0.0,0.0,,,
경상남도,거제시,쌍근어촌체험마을,내국인,16846.0,8484.0,6740.0,11480.0,11719.0,9574.0
경상남도,거제시,쌍근어촌체험마을,외국인,0.0,0.0,0.0,0.0,0.0,0.0
경상남도,거제시,씨라인,내국인,18582.0,18578.0,12962.0,10026.0,9436.0,9397.0
경상남도,거제시,씨라인,외국인,0.0,0.0,0.0,0.0,0.0,0.0
경상남도,거제시,오션베이,내국인,225136.0,248904.0,257831.0,53661.0,70468.0,180184.0
경상남도,거제시,오션베이,외국인,0.0,0.0,0.0,0.0,0.0,0.0
경상남도,거제시,옥포대첩기념공원,내국인,83149.0,93483.0,97574.0,60529.0,71457.0,92269.0
경상남도,거제시,옥포대첩기념공원,외국인,0.0,0.0,0.0,0.0,0.0,0.0
경상남도,거제시,우제봉 전망대,내국인,25136.0,23325.0,14839.0,17634.0,5219.0,697.0
경상남도,거제시,이수도,내국인,,,,,,9103.0
경상남도,거제시,이수도어촌체험마을,내국인,55724.0,64429.0,55740.0,63753.0,83498.0,105562.0
경상남도,거제시,이수도어촌체험마을,외국인,0.0,0.0,0.0,0.0,0.0,0.0
경상남도,거제시,장사도 유람선(선착장~장사도 코스),내국인,289954.0,115473.0,107605.0,26388.0,19197.0,23462.0
경상남도,거제시,장사도 유람선(선착장~장사도 코스),외국인,57.0,52.0,7.0,0.0,0.0,0.0
경상남도,거제시,조선해양문화관,내국인,253957.0,225447.0,246862.0,84417.0,124829.0,167965.0
경상남도,거제시,조선해양문화관,외국인,0.0,0.0,0.0,0.0,0.0,0.0
경상남도,거제시,지심도,내국인,161968.0,110714.0,117090.0,37308.0,42378.0,59991.0
경상남도,거제시,지심도,외국인,0.0,0.0,0.0,0.0,0.0,0.0
경상남도,거제시,칠천량해전공원,내국인,23129.0,39521.0,43077.0,29507.0,26391.0,61834.0
경상남도,거제시,칠천량해전공원,외국인,0.0,0.0,0.0,0.0,0.0,0.0
경상남도,거제시,포로수용소유적공원,내국인,516675.0,452666.0,524945.0,228557.0,196775.0,230334.0
경상남도,거제시,포로수용소유적공원,외국인,4241.0,5312.0,8177.0,2897.0,9073.0,2921.0
경상남도,거제시,한화오션주식회사,내국인,13215.0,13962.0,15200.0,1866.0,0.0,3759.0
경상남도,거제시,한화오션주식회사,외국인,1840.0,2068.0,1567.0,211.0,0.0,0.0
경상남도,거제시,해금강 테마박물관,내국인,65093.0,50112.0,52300.0,23110.0,14563.0,16295.0
경상남도,거제시,해금강 테마박물관,외국인,0.0,40.0,0.0,0.0,0.0,0.0
경상남도,거제시,"해금강,외도",내국인,949450.0,662920.0,702693.0,353905.0,375743.0,563391.0
경상남도,거제시,"해금강,외도",외국인,0.0,0.0,0.0,0.0,0.0,0.0
경상남도,양산시,내원사,내국인,188835.0,322604.0,273066.0,266680.0,309053.0,206157.0
경상남도,양산시,내원사,외국인,0.0,0.0,0.0,0.0,0.0,0.0
경상남도,양산시,다이아몬드 컨트리클럽,내국인,,,,,,129990.0
경상남도,양산시,대운산자연휴양림,내국인,111369.0,105050.0,111289.0,47193.0,58094.0,84029.0
경상남도,양산시,대운산자연휴양림,외국인,0.0,0.0,0.0,0.0,0.0,0.0
경상남도,양산시,동부산 컨트리클럽,내국인,135660.0,128351.0,134484.0,142545.0,149175.0,152209.0
경상남도,양산시,동부산 컨트리클럽,외국인,89.0,67.0,221.0,25.0,8.0,10.0
경상남도,양산시,동원로얄cc,내국인,,,101518.0,124288.0,130382.0,126465.0
경상남도,양산시,양산시립박물관,내국인,112497.0,120366.0,143933.0,18914.0,17915.0,58313.0
경상남도,양산시,양산시립박물관,외국인,179.0,6.0,0.0,0.0,19.0,27.0
경상남도,양산시,양산에덴밸리스키장,내국인,194102.0,304941.0,215164.0,75728.0,47579.0,88292.0
경상남도,양산시,양산에덴밸리스키장,외국인,0.0,0.0,0.0,0.0,0.0,0.0
경상남도,양산시,양산컨트리클럽,내국인,180183.0,208417.0,181997.0,190332.0,219250.0,217605.0
경상남도,양산시,양산컨트리클럽,외국인,0.0,0.0,0.0,0.0,13.0,0.0
경상남도,양산시,양산타워,내국인,237356.0,199964.0,168771.0,37910.0,34024.0,81493.0
경상남도,양산시,양산타워,외국인,1078.0,708.0,0.0,127.0,0.0,0.0
경상남도,양산시,에덴밸리 루지,내국인,,,130778.0,51040.0,14770.0,3072.0
경상남도,양산시,에덴밸리 컨트리클럽,내국인,159479.0,63843.0,68990.0,66863.0,77129.0,81226.0
경상남도,양산시,에덴밸리 컨트리클럽,외국인,7.0,41.0,29.0,4.0,9.0,12.0
경상남도,양산시,에이원 컨트리클럽,내국인,135990.0,113206.0,128081.0,137458.0,147714.0,144484.0
경상남도,양산시,에이원 컨트리클럽,외국인,126.0,112.0,63.0,33.0,0.0,0.0
경상남도,양산시,임경대,내국인,,,62865.0,106258.0,99515.0,60999.0
경상남도,양산시,통도 환타지아,내국인,405599.0,344773.0,319853.0,7490.0,0.0,
경상남도,양산시,통도 환타지아,외국인,0.0,280.0,0.0,0.0,0.0,
경상남도,양산시,통도사,내국인,3439296.0,2394699.0,2070398.0,401759.0,448013.0,517415.0
경상남도,양산시,통도사,외국인,3429.0,4300.0,5445.0,491.0,343.0,965.0
경상남도,양산시,통도파인이스트골프장,내국인,196407.0,176323.0,198891.0,223072.0,193572.0,244524.0
경상남도,양산시,통도파인이스트골프장,외국인,0.0,0.0,0.0,0.0,0.0,0.0
경상남도,양산시,한국궁중꽃박물관,내국인,,,,,,4796.0
경상남도,양산시,홍룡사,내국인,,,127016.0,119404.0,142399.0,131426.0
경상남도,양산시,황산베랑길,내국인,,,274917.0,389454.0,384482.0,380362.0
경상남도,의령군,충익사,내국인,160686.0,237186.0,211894.0,41657.0,33852.0,41468.0
경상남도,함안군,강나루 오토캠핑장,내국인,,,,20668.0,28779.0,39277.0
경상남도,함안군,고려동유적지,내국인,,,6451.0,14160.0,16769.0,16207.0
경상남도,함안군,봉성저수지둘레길,내국인,,,,,17947.0,31427.0
경상남도,함안군,악양둑방길,내국인,,,37525.0,45709.0,113972.0,142101.0
경상남도,함안군,악양생태공원,내국인,,,79403.0,54981.0,107332.0,61169.0
경상남도,함안군,애국지사 산돌 손양원목사 기념관,내국인,,,7975.0,3331.0,4421.0,9136.0
경상남도,함안군,여항산 등산로 1코스,내국인,,,,17892.0,17848.0,14797.0
경상남도,함안군,여항산등산로 3코스,내국인,,,,,2141.0,5852.0
경상남도,함안군,입곡군립공원,내국인,129249.0,130686.0,183290.0,192944.0,123452.0,177884.0
경상남도,함안군,함안군 승마공원,내국인,,,,2199.0,7331.0,8177.0
경상남도,함안군,함안군홍보전시관(칠북),내국인,,,,,17570.0,33165.0
경상남도,함안군,함안박물관,내국인,84646.0,89666.0,96284.0,11990.0,0.0,39696.0
경상남도,함안군,함안연꽃테마파크,내국인,,,40095.0,83133.0,66719.0,61935.0
경상남도,창녕군,박진전쟁기념관,내국인,20962.0,22135.0,18372.0,5857.0,8273.0,9254.0
경상남도,창녕군,박진전쟁기념관,외국인,0.0,,,,,
경상남도,창녕군,부곡온천 르네상스관,내국인,,47721.0,42417.0,8720.0,8493.0,32241.0
경상남도,창녕군,부곡하와이,내국인,72344.0,,,,,
경상남도,창녕군,부곡하와이,외국인,0.0,,,,,
경상남도,창녕군,비봉리패총전시관,내국인,,5896.0,5429.0,3244.0,5012.0,4840.0
경상남도,창녕군,산토끼 노래동산,내국인,161306.0,168770.0,176985.0,56395.0,137024.0,104711.0
경상남도,창녕군,산토끼 노래동산,외국인,0.0,0.0,0.0,,,
경상남도,창녕군,우포늪 생태관,내국인,46644.0,53223.0,28836.0,9812.0,15844.0,70334.0
경상남도,창녕군,우포늪 생태관,외국인,179.0,249.0,118.0,,,
경상남도,창녕군,우포생태촌 유스호스텔,내국인,,12347.0,12905.0,4119.0,5120.0,11140.0
경상남도,창녕군,창녕박물관,내국인,0.0,9964.0,49127.0,16222.0,28875.0,31478.0
경상남도,창녕군,창녕박물관,외국인,0.0,0.0,0.0,,,
경상남도,창녕군,창녕생태곤충원,내국인,,,,,,55586.0
경상남도,창녕군,화왕산군립공원,내국인,278901.0,335135.0,354257.0,357860.0,345588.0,410550.0
경상남도,창녕군,화왕산군립공원,외국인,0.0,0.0,0.0,,,
경상남도,창녕군,화왕산자연휴양림,내국인,,20031.0,22611.0,26558.0,30127.0,56457.0
경상남도,고성군,고성박물관,내국인,35949.0,39511.0,53207.0,20345.0,18853.0,40489.0
경상남도,고성군,고성박물관,외국인,0.0,0.0,0.0,0.0,0.0,0.0
경상남도,고성군,고성탈박물관,내국인,7901.0,6121.0,9189.0,3271.0,4599.0,6402.0
경상남도,고성군,고성탈박물관,외국인,0.0,0.0,0.0,0.0,0.0,0.0
경상남도,고성군,공룡박물관,내국인,344423.0,284214.0,355426.0,141124.0,95533.0,148581.0
경상남도,고성군,공룡박물관,외국인,779.0,541.0,0.0,0.0,0.0,0.0
경상남도,고성군,당항포,내국인,262555.0,291635.0,222354.0,86821.0,783919.0,274261.0
경상남도,고성군,당항포,외국인,0.0,50.0,0.0,0.0,0.0,0.0
경상남도,남해군,거북선전시관,내국인,,,55137.0,20027.0,26104.0,39306.0
경상남도,남해군,나비생태공원,내국인,,,99290.0,20207.0,26586.0,29356.0
경상남도,남해군,남해 양떼목장 양모리학교,내국인,,,55200.0,43657.0,70472.0,41368.0
경상남도,남해군,남해국제탈공연예술촌,내국인,,,9927.0,2288.0,2353.0,2169.0
경상남도,남해군,남해군 요트학교,내국인,,,3459.0,1577.0,1998.0,1138.0
경상남도,남해군,남해스포츠파크,내국인,,,36550.0,11731.0,20178.0,72489.0
경상남도,남해군,남해유배문학관,내국인,37592.0,33328.0,38095.0,15017.0,21447.0,45743.0
경상남도,남해군,남해유배문학관,외국인,0.0,1.0,0.0,1706.0,0.0,0.0
경상남도,남해군,남해편백자연휴양림,내국인,,,354604.0,94879.0,107071.0,174292.0
경상남도,남해군,노도,내국인,,,,,3960.0,4883.0
경상남도,남해군,물미해안전망대,내국인,,,,,182371.0,174986.0
경상남도,남해군,사우스케이프(골프장),내국인,,,32020.0,44001.0,49825.0,52257.0
경상남도,남해군,섬이정원,내국인,,,59500.0,77054.0,60117.0,44333.0
경상남도,남해군,아난티남해(골프장),내국인,,,91895.0,99379.0,112626.0,111582.0
경상남도,남해군,원예예술촌,내국인,298773.0,420559.0,362361.0,156272.0,122480.0,171050.0
경상남도,남해군,원예예술촌,외국인,0.0,0.0,0.0,34.0,0.0,0.0
경상남도,남해군,이순신영상관,내국인,21587.0,21010.0,29295.0,11389.0,11179.0,20600.0
경상남도,남해군,이순신영상관,외국인,0.0,0.0,0.0,0.0,0.0,0.0
경상남도,남해군,조도,내국인,,,,,14395.0,10569.0
경상남도,남해군,토피아랜드 테마정원,내국인,,,12350.0,18349.0,19088.0,11481.0
경상남도,남해군,파독전시관,내국인,274993.0,223829.0,264710.0,101491.0,161269.0,299700.0
경상남도,남해군,파독전시관,외국인,0.0,0.0,570.0,223.0,0.0,0.0
경상남도,남해군,"한려해상국립공원 금산(등산로입구,두모마을)",내국인,,,36209.0,25605.0,25599.0,29776.0
경상남도,남해군,한려해상국립공원 금산(복곡주차장),내국인,,,628902.0,492551.0,488894.0,554148.0
경상남도,남해군,해오름예술촌,내국인,,,29516.0,2718.0,0.0,0.0
경상남도,하동군,구재봉 자연휴양림,내국인,26841.0,17389.0,22228.0,16591.0,21215.0,19635.0
경상남도,하동군,금오산 스윙점프,내국인,,427.0,347.0,0.0,0.0,
경상남도,하동군,금오산 짚와이어,내국인,,39395.0,39815.0,42359.0,60926.0,58744.0
경상남도,하동군,삼성궁,내국인,194013.0,131474.0,190195.0,228231.0,203014.0,238698.0
경상남도,하동군,삼성궁,외국인,699.0,1801.0,971.0,193.0,275.0,256.0
경상남도,하동군,지리산생태과학관,내국인,44304.0,55447.0,57782.0,3493.0,10519.0,17788.0
경상남도,하동군,지리산생태과학관,외국인,20.0,0.0,31.0,0.0,1.0,0.0
경상남도,하동군,지리산쌍계사,내국인,335729.0,229429.0,176889.0,250513.0,283981.0,393846.0
경상남도,하동군,지리산쌍계사,외국인,5846.0,4953.0,5030.0,629.0,760.0,303.0
경상남도,하동군,최참판댁,내국인,468690.0,403317.0,369649.0,359175.0,432681.0,336078.0
경상남도,하동군,최참판댁,외국인,687.0,1958.0,426.0,87.0,23.0,10.0
경상남도,하동군,하동군 청소년수련원,내국인,17722.0,14198.0,11894.0,3070.0,398.0,6168.0
경상남도,하동군,하동레일파크,내국인,,55793.0,49342.0,53192.0,44648.0,51791.0
경상남도,하동군,하동야생차박물관,내국인,42337.0,71866.0,55907.0,14409.0,13636.0,50406.0
경상남도,하동군,화개장터,내국인,1260059.0,1064698.0,1069185.0,714024.0,783457.0,940677.0
경상남도,산청군,목면시배유지,내국인,20623.0,16749.0,27170.0,10205.0,5882.0,11662.0
경상남도,산청군,목면시배유지,외국인,0.0,0.0,0.0,0.0,0.0,0.0
경상남도,산청군,산청한의학박물관,내국인,210533.0,200980.0,179296.0,51806.0,45760.0,66696.0
경상남도,산청군,산청한의학박물관,외국인,65.0,1666.0,968.0,0.0,0.0,0.0
경상남도,산청군,지리산국립공원(거림),내국인,21083.0,21713.0,17499.0,7565.0,5290.0,11280.0
경상남도,산청군,지리산국립공원(내원),내국인,49238.0,63592.0,58193.0,68116.0,64746.0,57157.0
경상남도,산청군,지리산국립공원(유평),내국인,284015.0,299233.0,291537.0,207571.0,57990.0,73999.0
경상남도,산청군,지리산국립공원(중산리),내국인,136082.0,126236.0,94681.0,82079.0,36648.0,81632.0
경상남도,함양군,남계서원,내국인,,,,,,42410.0
경상남도,함양군,농월정관광지,내국인,,,,,,85096.0
경상남도,함양군,마천 추성계곡,내국인,,,,,,99841.0
경상남도,함양군,선비문화탐방로,내국인,,,,,,407874.0
경상남도,함양군,용추계곡(기백산군립공원),내국인,,,,,,101201.0
경상남도,함양군,지곡 개평한옥마을,내국인,,,,,,44907.0
경상남도,함양군,지리산국립공원(백무동계곡),내국인,125178.0,113580.0,114510.0,41191.0,46257.0,73102.0
경상남도,함양군,함양상림,내국인,879310.0,834570.0,804066.0,579540.0,453821.0,267728.0
경상남도,거창군,가남정보화마을,내국인,3579.0,4093.0,12137.0,398.0,,
경상남도,거창군,가남정보화마을,외국인,40.0,0.0,1.0,6.0,,
경상남도,거창군,가조온천관광지(백두산천지온천),내국인,273371.0,303937.0,312054.0,170990.0,135517.0,196626.0
경상남도,거창군,가조온천관광지(백두산천지온천),외국인,260.0,0.0,,,,
경상남도,거창군,거기애사과마을,내국인,2887.0,20.0,,,,
경상남도,거창군,거기애사과마을,외국인,0.0,0.0,,,,
경상남도,거창군,금원산자연휴양림,내국인,89578.0,97123.0,89090.0,42863.0,44361.0,59313.0
경상남도,거창군,금원산자연휴양림,외국인,0.0,0.0,,,,
경상남도,거창군,서변정보화마을,내국인,4592.0,2368.0,1963.0,622.0,,
경상남도,거창군,서변정보화마을,외국인,0.0,150.0,130.0,980.0,,
경상남도,거창군,솔향기돌담마을,내국인,1001.0,0.0,,,,
경상남도,거창군,솔향기돌담마을,외국인,0.0,0.0,,,,
경상남도,거창군,수승대관광지,내국인,138317.0,175415.0,7756.0,38418.0,42599.0,28111.0
경상남도,거창군,수승대관광지,외국인,0.0,0.0,,,,
경상남도,거창군,숲옛마을,내국인,3421.0,4256.0,2089.0,304.0,,
경상남도,거창군,숲옛마을,외국인,0.0,6.0,0.0,0.0,,
경상남도,거창군,월성청소년수련원,내국인,11890.0,14993.0,12984.0,985.0,,
경상남도,거창군,월성청소년수련원,외국인,0.0,0.0,0.0,0.0,,
경상남도,거창군,하늘비단마을,내국인,1967.0,3072.0,3399.0,185.0,,
경상남도,거창군,하늘비단마을,외국인,0.0,0.0,0.0,0.0,,
경상남도,거창군,항노화 힐링랜드,내국인,,,,,145878.0,209578.0
경상남도,거창군,황금원숭이마을,내국인,7081.0,5917.0,5501.0,556.0,,
경상남도,거창군,황금원숭이마을,외국인,0.0,0.0,0.0,0.0,,
경상남도,합천군,가야산국립공원(해인사),내국인,747683.0,560531.0,535956.0,383525.0,367356.0,430609.0
경상남도,합천군,가야산국립공원(해인사),외국인,17301.0,81007.0,21405.0,0.0,0.0,0.0
경상남도,합천군,대장경 테마파크,내국인,,,,45931.0,128187.0,107002.0
경상남도,합천군,영암사지,내국인,,,,28773.0,22670.0,12731.0
경상남도,합천군,오도산자연휴양림,내국인,58362.0,39352.0,34635.0,61309.0,98868.0,95120.0
경상남도,합천군,오도산자연휴양림,외국인,0.0,4.0,0.0,0.0,0.0,0.0
경상남도,합천군,합천박물관,내국인,31941.0,29991.0,31143.0,7354.0,12366.0,22427.0
경상남도,합천군,합천박물관,외국인,40.0,69.0,0.0,0.0,4.0,0.0
경상남도,합천군,합천영상테마파크,내국인,547168.0,409665.0,417043.0,178764.0,217690.0,237724.0
경상남도,합천군,합천영상테마파크,외국인,641.0,0.0,10.0,43.0,0.0,0.0
경상남도,합천군,황매산군립공원,내국인,529153.0,292401.0,799246.0,343543.0,541090.0,618855.0
경상남도,합천군,회양 관광지,내국인,,,,447544.0,120682.0,172872.0
